"File Number","MAE Ets","MAE Arima","MAE Prophet"
1,0.727268736578923,0.750772032682351,7.00979119357474
2,0.588566444188987,0.553959256520408,24.3621439815101
3,0.660929838902326,0.740179085130195,17.542601887105
4,1.17700396164762,0.96646620121064,6.80965152946452
5,0.788916381807708,0.793182353387761,11.3789089734703
6,0.763494846418136,0.773882291473721,16.9478712601063
7,0.959481570039241,0.97202368664625,7.35114101485779
8,0.875761138424062,0.837290387770096,8.23170900267486
9,0.934457602828516,0.798994753322437,21.1960085528205
10,0.94555945119234,0.788562504854832,14.8952252567627
11,0.996308707325847,0.769109712549103,6.06931685015666
12,0.743226826032622,0.648091969738263,6.7780848718963
13,0.792577164541334,0.808561125232329,8.07842858235614
14,0.861272231161268,0.84173125037806,21.3251309009308
15,0.761735683677382,0.718281439823069,5.63642623062385
16,1.21074080618708,0.479382545232795,47.4937867414163
17,1.05966665659722,0.700612053285559,16.664654737901
18,0.773661225408688,0.784816979301259,0.77033796600818
19,1.28893882831681,0.809991666976656,16.0754917624928
20,0.796310618231888,0.731867404109476,46.854210374976
21,1.44948183311402,0.916442946988775,19.7169818345285
22,0.879021193451923,0.810423018443797,26.459795083549
23,0.759371285007705,0.770471799766252,25.3540324888671
24,1.03538500434604,0.677517786830944,23.6158661527591
25,0.606595680140614,0.855465886651286,16.8898367999708
26,0.876408018762382,0.773933674985253,11.5449819085582
27,0.59329763394877,0.734108412858965,2.9235090976066
28,0.92833586894737,0.872383101780587,26.0591474642245
29,0.692990950096466,0.425346021746455,4.61150797793
30,0.444397544237127,0.515590474684854,0.611940042544126
31,0.627948725020051,0.807905851487384,7.17779741538147
32,0.756726665990605,0.862240655892575,18.1668352085463
33,0.757875174003465,0.8144997399856,24.8603135065443
34,0.663677972794148,0.791959145917816,20.5146881563077
35,0.603627746974157,0.627468349983723,53.2919157765191
36,0.683855039890864,0.755445041655689,2.57641717962108
37,0.880373224596526,0.690031980659765,69.621696513343
38,0.785336673098682,0.742567340271245,45.7078966722803
39,0.791474016728448,0.7428648865613,16.9421690048665
40,0.907244844025854,0.393823854404141,5.9690203054787
41,1.44524673855076,0.655623785087794,39.8294750572895
42,0.851913072085257,0.559128885184082,2.91917357118722
43,1.0424898626048,1.0177349447267,2.86377768833706
44,0.791186983685536,0.736094947681304,2.55909943629182
45,0.800812149709758,0.862143913244301,22.4093859938364
46,0.857701141523976,0.874388614147165,3.93315456807635
47,0.488384609132302,0.728910142825428,19.7542922555634
48,0.924955694655882,0.86547031087867,12.8085148871094
49,0.679027900509257,0.851036828266902,8.29957514720688
50,0.696753041332133,0.661835266811436,4.41118433390719
51,1.23108772786049,1.01601492577777,21.5257336630564
52,0.874060298513482,0.794312311919153,19.3955178152287
53,0.893071544419477,0.903324990992242,31.102729407024
54,1.04940466450537,0.819494448369425,34.7751336581091
55,0.522487736356173,0.564159675658244,14.2707770586946
56,0.73909235151422,0.739425622555483,22.0760520683217
57,0.969610974381035,0.72503648960635,5.63471144905443
58,0.817236861859889,0.848480458234844,1.00180655625497
59,1.03574270579749,1.0055199668307,14.9115758863203
60,0.280908581845113,0.75987359103676,9.06030415076897
61,1.5220641123851,0.881841742256568,55.4186668570659
62,1.15841695958706,0.727717938304622,30.5625072603244
63,0.861915729140149,0.725502403982987,34.6243899273403
64,0.841193444019072,0.783186026038197,17.4697475423261
65,0.927778798877079,0.838874290690742,9.55863711987085
66,1.05159659586222,0.807912668541642,34.7755800571669
67,0.386891747496829,0.379346141513169,38.0156519696574
68,1.01011012452082,0.796891922961192,3.89485389302433
69,0.854314677962528,0.756304650126127,27.1255452836494
70,1.12466720776735,0.689654144437967,3.83654688404592
71,0.941138674817256,0.857658596360159,15.6208609162236
72,1.33928431485646,0.967676407912706,5.92648218914795
73,0.800998467548024,0.73437732337159,6.04810665388966
74,0.987770572043891,0.773309449092863,9.32347744118301
75,0.445905648048527,0.7188454339157,3.97452566634303
76,0.80069753592086,0.840754115903034,5.53096139294535
77,0.568122229141472,0.941782926374482,2.73321997202635
78,0.668593793474327,0.701155729356107,12.0677706554895
79,0.649121400050784,0.700188203457624,14.3875817230247
80,0.987757721146536,0.98725858842075,0.694053005045509
81,0.787889073137899,0.522967135944119,5.37990635248221
82,1.04115026646935,1.11027882269072,5.82692340081018
83,0.746698362836444,0.731852784834109,3.52687125103253
84,1.06457735275322,1.04479764179367,3.14221464189469
85,0.745672770567456,0.879141886880352,2.55254827334706
86,0.793875316519027,1.03429893537153,3.24029255742687
87,1.0575561000882,1.09182844839818,5.6310128758433
88,0.870579043755462,0.957475594647317,6.72338456996675
89,0.534254781753831,0.755123857279002,8.43516055013826
90,0.692287381618368,0.816106015738574,11.3127007465229
91,0.560118317850206,0.709811167054396,23.7523621411788
92,0.740325549657095,0.726490978198992,8.22147330142129
93,0.925598629976111,0.753620615476186,10.5823387411291
94,0.820246453625634,0.819047260690481,2.56405642983467
95,0.952414639457688,0.879219436529982,11.8580406922519
96,0.88038923819318,0.821711189203765,7.51632656826897
97,0.815939658516878,0.731970794970032,5.08366007091529
98,0.825306174264936,0.747575689167016,7.95615961500367
99,0.735173920543633,0.726289082139699,2.44338822199166
100,0.478956179071287,0.738537199052293,11.416427332958
101,0.885352985342947,0.658569621475548,23.8413763837366
102,0.761030978903066,0.724655157204197,8.74342591371466
103,1.08612982766072,0.889240821010801,13.9481463867238
104,1.16662335680754,0.734949052652649,17.5860276971219
105,0.836575449038533,0.814953607791409,23.3305861790362
106,0.785396235745216,0.86096772846759,19.6254869704752
107,0.851272550155996,0.92718300750849,12.092411420089
108,0.830891178710284,0.851324481503021,37.7925773845486
109,0.803580051132715,0.650792631569345,18.8881680419748
110,0.828650152297879,0.870456711832621,1.10341502393008
111,0.694976073720617,0.758929872972474,6.43247773841198
112,1.10357405717548,0.955299615328695,17.3687056095155
113,0.861419346815556,0.83052602832722,8.32374808172887
114,0.836199409702029,0.704667761718694,28.5349454094617
115,0.986295378905235,0.922185062449559,10.5284247234872
116,0.655422599516353,0.660380750801711,30.3053795009376
117,1.14290832418502,0.771353721928956,10.2256401205044
118,0.660384181214876,0.652937077000222,19.0951350885253
119,0.725011096058663,0.712104279397251,3.30689214327579
120,1.00991454276253,0.743462967586906,15.8445148152691
121,0.638362923335455,0.614136491615406,31.4884580960823
122,0.836942815711218,0.826976593053398,10.6903534817375
123,0.628108917131986,0.627790116973679,13.5585318258882
124,1.17826845975919,0.827386952158527,28.7646995574551
125,0.92965379028164,0.89082310150225,40.7124094357579
126,0.961581148814865,0.76695570643202,10.1370367557858
127,0.843559903694956,0.736179036786235,9.13732572270076
128,0.935877498990436,0.791311754655511,34.1937509482933
129,0.851661783860429,0.858652555091726,6.01270025074183
130,0.765547397374847,0.781589523432473,16.009992312712
131,0.800930137534652,0.913942213128971,1.74498294694712
132,0.989198914953461,0.861355398012757,32.5677917136236
133,1.04471625448795,0.911542883855669,1.30259073099013
134,0.902261707866362,0.851637815133446,26.5269729191117
135,0.901675844629018,0.874929222155632,25.1125743346761
136,0.469611909634383,0.4390586597315,19.9444873217498
137,1.46604462486532,0.734951824778684,15.7003843927661
138,0.804426115651253,0.729733490827379,11.5116647594993
139,0.63144079269519,0.861090843606926,14.8341456388734
140,0.75433728892358,0.913492050903001,6.97343268769445
141,0.645317098376857,0.69033868127336,20.9787781801145
142,0.740852425216105,0.678835687910641,5.0201859208867
143,1.05922075422381,0.61125950621056,20.7149545084893
144,0.655855725218991,0.642751604770523,45.142751430985
145,0.809609106910492,0.521257490727939,36.0438361716088
146,0.588363050577228,0.567840341789186,12.03193212238
147,0.724093810183441,0.646565911853261,27.3667562687731
148,0.461708287793083,0.464903046742178,25.907976326246
149,0.888608187750451,0.792391599180367,19.4069465712337
150,0.724456910395186,0.61004782364606,5.37942342150228
151,0.673840460070305,0.678126625836125,27.2078136321575
152,0.805061701811769,1.04667999978668,1.23274510154419
153,0.805298332184611,1.05451489183968,4.6975317133977
154,0.890740549187142,0.992619026178138,5.5462031073592
155,1.29182861918935,1.12083084573285,2.10600073999565
156,1.1088425997212,1.11731863798375,0.897404439324078
157,0.677631285197287,1.00722710915475,6.37377821088415
158,0.784938025433466,0.95389513975054,6.5511068780769
159,0.556750930849811,0.87512476982777,1.77310858313453
160,0.924421486327899,0.924262232285745,2.48515813114864
161,0.976045191025801,0.924877109507104,2.2856902539652
162,1.08521541134237,1.05998819159166,4.18556034408713
163,0.822590432021874,0.749698937608762,27.7762140823465
164,0.836353472278371,0.852300917977099,16.6847998337514
165,1.09877658701948,0.965925361641955,13.0625703996268
166,1.13377099952602,0.927980743485629,20.5752949717554
167,0.930060689691454,0.77197437118769,5.7468205484233
168,0.875211054098289,0.600817980578284,29.017554812162
169,1.45804669214481,0.744661511855713,16.5418098091899
170,1.05225535147257,0.785567834169678,6.00102806946559
171,0.801410975733401,0.743401807513103,4.45639717156949
172,0.845968302312906,0.769012195709496,12.4101299400718
173,0.685903077947101,0.688181579406027,1.0493612660944
174,0.539191998401879,0.828505216740657,24.1523785405732
175,0.677072964627225,0.661222949358498,26.7830042964657
176,0.745143377978843,0.816322186538268,4.41910246574964
177,0.96534169398634,0.804267541364157,4.03699964030008
178,1.34246041777945,0.731579314119175,6.01217437768139
179,1.12953513199137,0.924136522103281,2.09769291316063
180,1.33886920704041,0.972148625273855,6.42999947497464
181,0.774457234704492,0.795228165020134,8.42597952100434
182,0.850761116159039,0.655123241994083,4.86295121681808
183,0.552478610682168,0.728087038420579,2.0030816319428
184,0.490172471871922,0.671211173735589,1.89580921291871
185,0.341720962334428,0.616457127337609,12.7209522547475
186,0.649500920364141,0.87854858221653,12.6485203599875
187,0.46737135168805,0.748303218103449,3.33771277404641
188,0.512598535438798,0.720982831048421,11.7575728074514
189,0.595684886337673,0.751965280464296,3.41564787118753
190,0.713601620244392,0.682174929037065,5.14048705857225
191,1.10335404815953,0.694954898057683,24.840696357397
192,0.885581873571812,0.771653249959071,19.790961686289
193,0.784367862243898,0.750848034477751,29.6494368557403
194,0.771505652783968,0.756904426977748,24.6739026402125
195,0.719522360412424,0.657890603438167,23.5923827400366
196,0.78285430575623,0.825436265906837,2.79881254835247
197,0.854615351635963,0.690971186477857,20.0456908498164
198,0.456796196206193,0.755640226240361,2.53701787108041
199,0.378244679391858,0.668763240463961,5.80838913396492
200,0.451506971258458,0.614112908814182,3.71339294343429
201,0.368858222185802,0.661603488102927,32.2022241436018
202,0.527386310775646,0.724187131056061,5.6562689165897
203,0.492825568465517,0.652975910494317,6.05642932383431
204,0.664293653464428,0.755161066934484,9.68760765610107
205,0.729910708997257,0.774262800469206,2.69215466317494
206,0.608190838708332,0.637908576283504,46.2565479149016
207,1.47337006076566,0.868723916091801,4.8479095592377
208,0.815876910001931,0.801582976646717,9.38416435650831
209,1.02586430930582,0.782205594199041,23.9368343903136
210,0.9386789937284,0.557827103035821,27.9582462730559
211,0.696406475641732,0.666961635027959,30.8266872282784
212,0.666961412558047,0.614469069043257,16.0698405679913
213,0.917060639434802,0.689944496271155,18.8034488141026
214,0.640216626015219,0.647077420933523,2.76259880135942
215,1.10482202362622,0.968857527616591,1.95519436312795
216,1.0156958233058,0.792992144868738,14.5425294675402
217,0.860447966451955,0.669822750670957,17.3553854681278
218,0.820255159088343,0.700799238563986,6.98770072070527
219,0.619576196652007,0.576876527749798,3.78314723347717
220,0.821418539181459,0.607339996359108,10.3459196053549
221,0.654595306298998,0.645827425875405,1.76146146390416
222,0.72898653968266,0.748814500503711,11.1524132150392
223,1.28557767463548,1.0001615154777,28.275477135799
224,1.040305966432,0.771964864092485,8.68386277947912
225,0.653190066281585,0.675154380774437,3.1194910096353
226,0.957997662549104,0.880085421898303,25.6001993810929
227,0.764941334435838,0.769706409229174,2.49908996145076
228,0.753577749486935,0.663244550773849,17.3028462395331
229,0.971497574596029,0.704634455049214,25.1238489705233
230,0.744831918466862,0.762452863485249,41.9858962156935
231,0.593340272948789,0.586270245915055,6.18794375570048
232,1.21540170751961,0.801965542158737,3.12180753711428
233,0.829805908315083,0.783813263148426,6.53969265182724
234,0.794489922739017,0.763558962020389,1.67654482812561
235,0.983688499905711,0.626084762187579,7.73601653507791
236,1.01818289768956,1.0053454293798,11.1340708917285
237,1.05620708388813,1.0244866648594,13.0300106598915
238,0.950607524299257,0.921142275569937,10.9176632500674
239,0.79659012159792,0.924455918418863,4.86324469370656
240,0.668690524933115,0.666667945188357,10.1755415071694
241,0.99245749231586,1.00997303631141,13.852882377559
242,0.703778460076658,0.623827532347805,10.5811005053203
243,0.879298093519368,0.681454602462834,5.14357661036605
244,0.987109159054828,0.916908670419994,3.71740037060667
245,0.767607806203879,0.781567513129281,20.5045805956201
246,0.782075217274252,0.667503172073719,6.73638719944236
247,0.678180288516787,0.874275535773854,0.837857275516613
248,0.935989501735816,0.82685957432111,6.1174015369294
249,0.924034715979959,0.721408286678989,1.00475986054108
250,0.630349147437272,0.766573118071623,3.17930775759184
251,0.614258131154364,0.710863676029928,8.32959750787706
252,0.55475489964089,0.874124990298472,4.30707086920867
253,0.94157666818571,0.930918340871409,3.04961727667151
254,0.953030856327888,0.97256239917461,4.26483378036711
255,0.736709265061469,0.694305030480975,1.86094267527181
256,0.975703302429424,0.642168904760009,15.743116838317
257,0.67703564710373,0.835643948170096,1.68291624358369
258,1.01571827143378,0.744677179616891,15.878393819764
259,0.668223700083818,0.782748302129966,34.4638032307063
260,1.09554628176706,1.02253995649598,23.2126925602816
261,0.852285800865918,0.777570840295387,2.31707171611192
262,0.69948403113229,0.65826928180181,31.915767729895
263,0.66257227434484,0.559704528773021,27.4414661403647
264,0.999807897577714,0.799179775032707,11.4959383416936
265,1.02549369745812,0.676651835010693,4.32086479187662
266,0.94097331140886,0.665145818495688,14.5466745259156
267,1.49839806068358,0.655860469358103,23.9532231387354
268,0.654598565943852,0.628273584821859,28.8136384589316
269,1.07839270709619,0.807643241394544,30.9548465790436
270,1.43520853010956,0.864451904527311,3.1100002577502
271,0.664723226597499,0.654851395136816,23.8249667876341
272,0.710968026273197,0.645638862330222,10.1074156081916
273,0.74518605607536,0.647239636065617,16.093945329622
274,0.890003869412311,0.57578229935174,7.21182218323543
275,0.737798999171595,0.738719034803148,15.0944267479086
276,0.380465704868415,0.36125191069623,9.75989282958586
277,1.1091515458883,0.944335056888851,19.2060084161125
278,0.481063367742781,0.755305071423423,7.56931070772736
279,0.732115656541974,0.767722396343534,7.67744714812666
280,0.220579991543133,0.757011953551996,2.39816077806384
281,0.606191940137824,0.535823098170838,11.7929085518124
282,0.768458988420118,0.975106370488213,9.11943580344376
283,0.34286896646705,0.602481086036412,3.20972023045995
284,0.575893648559164,0.620977994987883,3.18360625344811
285,0.773622790577213,0.855890845694274,3.72348094018581
286,0.638175465040791,0.613099763572473,1.44939147566625
287,0.490812085431788,0.752029307956579,1.50958962208724
288,0.446936660383017,0.848714992891806,1.49287828337765
289,0.54111572052671,0.818539896553455,0.518657019684823
290,0.861760469039772,0.729364338076998,4.34136437553482
291,0.593784497567051,0.595125275761937,2.37082118228546
292,0.362812709789366,0.83706801269586,2.39138301988204
293,0.676404236414648,0.629779567354901,2.21703472274079
294,0.667613141149276,0.70057609697275,1.07447845906605
295,0.525959855577823,0.618504313133298,0.789883530932188
296,0.358278621725772,0.500663361956375,1.17049772113961
297,0.335420575082347,0.690545963927386,1.60079424139183
298,0.577580610237681,0.817181965554463,3.76769224695336
299,0.504889662149173,0.924874131779568,6.06637172511039
300,0.598129364096935,0.994813381770172,3.39902658319683
301,0.777281372478714,0.899706739015548,0.787573899360816
302,1.01401503255176,0.920956838891712,1.5511550579579
303,0.353541584293176,0.87884723765583,0.645477094902952
304,0.666165042918757,0.706129674370645,5.58065902151336
305,0.593913368693839,0.591798957812656,15.7615976684485
306,0.401533214367243,0.887803351472214,1.41782639739763
307,0.501676159259885,0.761856645528249,1.9734383155402
308,0.786426036687953,0.838563884129149,3.41766571227331
309,0.836228173665357,0.670218797984256,2.49753354164897
310,0.302018885234558,0.516951738345185,5.33798211086574
311,0.767217317334505,0.709480315394132,4.00762726852621
312,0.474447135290385,0.808862571699771,6.3061522436776
313,0.425483336778433,0.612477335369003,8.78390475042243
314,0.518845928734618,0.579325086228857,3.68571834423627
315,0.543604400431342,0.797806567184112,4.74665783634093
316,0.459645993563756,0.537078958135877,3.72626090319862
317,0.610170124892366,0.575066017446653,3.48345124488145
318,0.507145694925566,0.80962113499936,5.33012297403071
319,0.275538096864572,0.686540638132829,6.83387030329421
320,0.422808842190593,0.75472786023728,6.15806259719684
321,0.374351881806255,0.641611541832306,2.1833998455934
322,0.340212121251755,0.519739634145261,3.13572214839685
323,0.358662179461443,0.857735416514533,3.8074229509081
324,0.422594752843933,0.637268222863324,7.2797543967243
325,0.400441449619388,0.532979008239134,5.80034183780141
326,0.48056327137013,0.57804607409176,1.97361619247835
327,0.426217400268498,0.861864405922648,4.14954524290781
328,0.581595733270501,0.937633478428937,2.22148546432534
329,0.604172803085851,0.771040879715539,9.54426291867951
330,0.640859433230949,0.675133772238537,2.14593816973266
331,0.569952329393358,0.752457834144483,1.05613798754301
332,0.632181702531072,0.771207520754438,3.12174833051811
333,0.406444377884201,0.773316864509368,9.74563316365078
334,0.666249064726724,0.920826796777917,3.59231692034342
335,0.631698778111336,0.772099056396035,1.07560588690878
336,0.772714107424833,0.997266390804386,1.41952832481173
337,0.428394032423556,0.944984153244689,1.04709991674211
338,0.61612560593614,0.985721439311114,5.18633539394954
339,0.531911493060234,0.587328574855037,5.18126166255076
340,0.973277714888688,1.00375737852961,4.25544705402179
341,0.837123368983718,0.865593940903366,6.83382825284432
342,0.317030686026121,0.474343430254149,5.67424810288757
343,0.520901167846138,0.938768145446516,3.08282501215507
344,1.02688852329446,1.00312246224772,8.2860239746865
345,0.803964503420607,0.882251129836675,3.58190644578576
346,0.781857568851744,0.741847049857896,6.03339371902496
347,0.417801780007593,0.798397711737495,0.68438776002869
348,0.820429298054534,0.694413328602519,4.68304244612789
349,0.327915767826492,0.647181880356822,3.0717911948712
350,0.377775554287016,0.555192467566134,1.2297932881907
351,0.908615216016159,0.846356467368378,6.25343664014151
352,0.74350606083563,0.615916715667249,8.32825470224175
353,0.536526779488306,0.861738915893053,2.55596795460801
354,0.778486355953481,0.733935965474198,3.9566188792093
355,0.60606405485371,0.721259128437935,4.37623515442277
356,0.458014420153586,0.710108829436858,3.44713384822743
357,0.413079271165022,0.74919077334709,2.10625613657093
358,0.666620420054989,0.839333011378904,7.0473398530583
359,0.446844540927019,0.571822402469078,3.09487178905395
360,0.297099375512222,0.820861886077055,4.60571762429801
361,0.60059757360287,0.728732098626582,1.86725148464565
362,0.264547460611602,0.850664769850227,2.48214901576714
363,0.366985465593237,0.759497010690841,1.637969617147
364,0.631831551508686,0.927321562330279,2.53228802805248
365,0.477806484622446,0.740591809119783,11.9749353313998
366,0.408268880029007,0.677789795007415,7.87136520801862
367,0.305106380848267,0.629009243000953,2.14547997094615
368,0.498169708556474,0.886192876964116,2.16430806193752
369,0.457274200782598,0.701116815556381,4.50543144426128
370,0.57731946515648,0.777638876676273,3.35616690249964
371,0.324896874077879,0.731388802628676,2.06521879314018
372,0.708010868450789,0.780044053017753,0.351644564702109
373,1.12202647847835,1.11006284992766,1.65591310170072
374,0.723475577940856,0.638176835504009,0.573996365297491
375,0.66410281986621,0.586632896368474,2.34229587057952
376,0.742590517235953,0.99362893905325,0.997318576999078
377,0.42866510553581,0.697388126006804,5.02335039699969
378,0.524650305482863,0.70402939584654,1.76154650950325
379,0.495266931568722,0.838548135388219,0.913320493013368
380,0.953807057405796,0.935331561075929,19.595752761777
381,1.01605750310501,0.636709003956777,7.27989053557873
382,0.818840199277029,0.912064484053268,4.83125855193786
383,1.10001130362636,0.933437939884245,7.88029845426636
384,0.790151085498431,1.07410519779635,1.60854205883912
385,0.827047563970648,0.94389370170901,6.29159748423023
386,0.580894168383,0.768934950458714,5.09962453161084
387,0.607788977031168,0.612707297685114,4.80777189497138
388,0.698551168684233,1.02646292215985,1.11569561603466
389,0.70199437357137,0.961240935433597,1.01202409077529
390,0.75781057157766,1.02273487682652,0.881743565655047
391,0.638369156718887,0.588762088753881,9.49534383270673
392,0.651062696936528,0.638586840447838,2.67753767859618
393,0.767315412775082,0.638998413687599,1.49359211815626
394,0.732235075489265,0.761938381153381,4.21640092169216
395,0.708846731490716,1.04359482503553,1.9151115409453
396,0.788526165700634,1.03327717977483,1.44239458340412
397,0.807382448081082,1.00294203543189,2.67588687212273
398,0.642019641581728,1.00193836297934,0.727575753881152
399,0.663606005126611,0.603098489905895,1.02327733571187
400,0.726624814485027,0.69852554967709,3.9988255395016
401,0.666752214606826,0.68282070513289,0.975725587838123
402,0.578057995920631,0.817915820841853,2.75183180105277
403,1.09227601160806,0.745796946556501,2.3639149629135
404,0.721771724392918,0.779939864421243,8.77828718461629
405,1.0390294081967,1.06588127175778,12.3284988394665
406,0.437119795089768,0.740225007641025,0.91695222979377
407,0.381810303731584,0.703108040797433,1.56264569388433
408,0.478269572664806,0.72184005208323,3.6663818475955
409,0.355144090093848,0.712573761929614,2.50928373128958
410,0.371039252804274,0.832403980749865,0.595132723920406
411,0.436105165099402,0.802730144773578,1.19761395474187
412,0.562082220500332,0.532445010312289,4.21922579631162
413,0.565101655755826,0.673388483913487,9.25376600072186
414,0.403119517099104,0.622964309108804,4.07923618842803
415,0.552221095693864,0.666175059070766,2.55541070865231
416,0.598291607801883,1.03064204267035,7.5551174930289
417,0.425964601039114,0.851287156852199,6.55683961401456
418,0.351977755816728,0.86355494738736,2.75661244600069
419,1.32927759723289,1.4190945087688,1.38503888168958
420,0.764944303494708,0.765978418742863,2.90503417163418
421,0.661332738655429,0.92357465517285,4.69864189024496
422,0.540094724406402,0.842124040083924,1.61439082656962
423,0.664281203235562,0.713355942825957,4.92146014850297
424,0.644382070445157,0.877341798386794,7.1020283577137
425,0.502734467359813,0.668762687200462,4.53645466675485
426,0.781892009428326,0.739324200305487,5.41986457602996
427,0.764007441772741,0.981454442619444,4.49104915019404
428,0.462829954586829,0.506382599173731,10.595762853954
429,0.652656983802794,0.719350033340262,0.868832148628377
430,0.890869334216282,0.925356981887887,4.54120831356558
431,0.841289673734308,1.23759195568611,1.14050183471267
432,0.879207935860927,1.30457188848107,1.93603056545462
433,1.07451391391511,1.74802516027472,2.51583217161599
434,0.799031365052063,0.534818500251254,7.82757570218883
435,0.815374542232216,0.847586552219561,3.86954800230761
436,0.698546454741556,1.52992425083631,3.08578160384647
437,0.809610618996112,0.797882704253519,6.07438163902271
438,1.23349502593818,1.5110444259074,1.04994700776577
439,1.16451992395103,1.21088402331572,2.69939093876301
440,0.939695055180641,1.20029249521779,1.02084028858228
441,0.328094311973458,0.38432315799225,1.58187112649098
442,0.483295754537722,0.746839165997013,17.9884109324549
443,1.14057523367227,1.01727857614684,7.22372990036601
444,0.497245249248527,0.623672669026664,4.73376956594455
445,0.510484358673817,0.885941757971038,3.9738937166738
446,0.540791199893392,0.746868029613413,1.4150127548047
447,0.52318647032511,1.03068371523396,2.46884266094607
448,0.414177332285744,0.646717104183937,0.507092376619388
449,1.00181567277301,0.97269424691728,4.7616391561918
450,1.32280835651414,1.38321495271594,10.1315463869116
451,1.27543872118308,1.05672770708965,5.11308081860861
452,1.26347555568097,0.606827543389439,3.82679471356092
453,0.66454101305729,0.75717432138766,5.31686764185176
454,0.541139991418476,0.635603376911168,8.43325506741179
455,1.01053616617479,1.04828367072242,1.03797676276262
456,0.684449615238354,0.594239300306362,7.35979784600375
457,0.762926180126704,0.713118192492695,1.80442592666112
458,0.95242863879986,0.866699429973209,1.35350335286097
459,0.53903029223896,0.688451344875884,1.2090078897882
460,0.525980813910902,0.447850497038215,4.68532757572319
461,0.81332789497484,0.502909809144376,1.87139246060887
462,0.691828571095868,0.676814999853552,5.77236050045837
463,0.620298487973308,0.623562115976276,6.72571825708363
464,0.63418612587469,0.519002958224319,4.95685201944517
465,0.660496395228042,0.671833874205578,4.94479528451111
466,0.883735584928721,1.15953250867095,5.21960300962729
467,0.654084882997208,0.614685417778942,8.95844812372584
468,0.576129916389138,0.67357124085459,7.27258808845341
469,0.588068851617925,0.595382841193152,2.1639414187075
470,0.989076501793295,1.08105371811287,6.28014343272101
471,0.85367149385437,0.726912031645794,4.20025243286104
472,0.652794287815178,0.794823017046607,15.3252319833977
473,0.853299749147953,0.594345603202571,4.8175026789981
474,1.02993922792439,0.597041562100849,2.48985162417913
475,0.277747189387052,0.823621937062765,0.678087846721954
476,0.319816631092458,0.825339779697297,0.708408065747309
477,0.429516345780494,0.756247514268321,1.36263269919817
478,0.733108157460255,0.763520430225529,1.06694861844048
479,0.232486034010589,0.792360200182051,2.1867335636911
480,1.43996134669904,1.28138542534467,1.19921014097439
481,0.202166638208288,1.64829260638177,0.301970423548314
482,0.276742730217072,1.65119554498371,1.18749225376188
483,1.40277973110955,1.66281273657172,1.02202846994558
484,0.265222654592375,1.12391844858733,0.349862955622068
485,0.796860305364379,0.980422135990744,0.918430411297578
486,0.489325609046737,0.496320275353986,0.713308594930528
487,0.587770494757041,0.992384887697939,1.05305345048923
488,0.785434798500475,0.875537756384175,0.69912040247293
489,0.613215282368589,0.96710187907459,0.930527529675989
490,0.365372500941549,0.655508382902993,0.775586186915802
491,0.620007625753023,1.03367089120075,1.08244195653536
492,0.559369328884136,1.52612571809582,0.413069032259019
493,1.08526346978094,0.945007184410793,1.15683538655778
494,0.407440327470398,0.756485566666663,0.880690461157148
495,0.226954506502346,0.985805824910514,0.484320906471125
496,0.213091167155703,0.98186056280068,0.38698714656282
497,0.250435540926779,1.0933573984885,0.498748130797325
498,0.427061166983159,0.758245504273976,0.854038875471106
499,0.66931773758134,1.1543038554846,1.24951405657626
500,0.373325621647626,1.47738363767667,0.568630853355102
501,0.299168192004459,0.646690700579069,0.802286006218753
502,0.448481699822197,1.02195733108215,1.14557517788174
503,0.977731554602022,1.45639316937753,1.70505345998357
504,0.492454772516748,0.51149274589074,4.78690776744073
505,0.0981397674638523,0.9320519771499,1.29039259173376
506,0.188414862597269,0.78132001176689,0.757382186536399
507,0.318528766149684,0.695108853268451,0.85298391258189
508,0.267516625213741,0.561867831881146,1.44957725602143
509,0.394626016866373,0.756675615314106,1.55171768564669
510,0.387204925102102,0.714942228944624,1.52785420510506
511,0.348393715237676,0.81668871192268,0.967907103839628
512,0.37877913414871,0.478363370337207,0.602364743572654
513,0.561164323634809,0.681879929912871,0.682520497483892
514,0.823039440282379,1.14944781868113,1.43113662349785
515,0.681778328852972,1.07363619305359,0.525097100972907
516,0.897786451413979,1.0333970863526,0.448000049176371
517,0.416272531441884,0.307998238176011,1.46254654074971
518,0.353799039349161,0.374567146225327,12.8845345184986
519,0.495986030881475,0.701954724547146,2.1378253375394
520,0.556507778094447,0.684186310544185,0.70436994939376
521,0.557431509425382,0.80008721713776,1.77115607946216
522,0.692270938805524,0.949049051057225,1.56579193009643
523,0.736136838746855,0.716948991743881,1.37809138575819
524,0.540332983968043,0.502388609923558,0.809937326150949
525,0.438650067066052,0.636359876619491,0.28006278322076
526,0.737247739246524,0.992580632543195,0.266788720343959
527,0.342644153148927,0.458419023934017,0.889392928592268
528,0.537946536079654,0.615205865335488,0.437869532260337
529,0.871365379017643,0.903816525817602,0.433850527850275
530,0.394071335122673,0.504104627641855,1.65846999839378
531,0.758968621520758,1.3552481993175,0.274819679343401
532,0.169920564334922,0.904301175188253,0.269843123739862
533,0.434424776250399,0.362653066503571,1.25104595199676
534,1.32307532235226,0.981839175377019,0.958310416625345
535,0.564221660186383,0.717529541652214,7.31323801576271
536,0.496553715485861,0.947931811264013,6.16861395591773
537,0.464644972267447,0.723404261104098,6.05613297505337
538,0.50226404713749,0.724218408228646,5.8787834796762
539,0.544323242235568,1.02018676511245,0.826451263842843
540,1.24931039671196,1.52859537145822,1.99779733498994
541,1.39562445823938,1.66667895541446,1.89210608474319
542,1.43221180128996,1.26093824529428,1.0855438337624
543,0.877262715198535,0.903810226691856,0.492444272883754
544,0.305185625948521,0.389413830938393,1.025274102823
545,0.342752554753276,0.858073937769888,0.568242441974207
546,0.501652484538127,0.884752134288892,0.970768184057692
547,0.215306102621199,0.983245708829829,0.705478065104487
548,1.57090343351621,1.38703151648225,1.67378809120084
549,0.496607688047443,0.64537481954417,7.30844711599845
550,0.833511477869316,0.689999763670656,9.55836401779224
551,0.382816706414542,0.51262298863282,5.69762363014253
552,0.996151345269338,1.01973390862985,1.53192007189055
553,1.05635737331875,1.74829775470312,1.03694985051426
554,0.64831492338528,0.821497145804509,0.588831893036575
555,0.65602011198687,0.875431215360215,0.612954601979707
556,0.730051873743285,0.976411065087492,7.36341648709598
557,0.724508391184022,0.846173096475191,8.93684286459381
558,0.795338433818378,1.00952276680315,3.87289286628234
559,0.833360244281455,0.997740581542794,5.0952651762708
560,0.885241332994271,0.962727698671073,0.621833051580712
561,0.524797352926585,0.917042972825225,1.09906194198745
562,0.502571197674099,0.882735735273855,0.912996889206715
563,0.76092788801358,0.45014508749255,1.47649015238429
564,0.507792901891524,0.819856749340534,0.603022714734536
565,0.825155632285043,1.11774694144797,1.25041724732257
566,0.254057666908465,0.539450176366732,0.643682625227698
567,0.567635936685861,0.764815270503504,0.709662527694709
568,0.645567012609361,0.744780124624238,0.727495910191452
569,0.229617134904096,0.549068988286532,7.5883589800753
570,0.49609602917607,0.677341117684875,7.56651874329097
571,0.594408332013798,1.28167189233177,1.6997981145182
572,0.613940555573128,0.597402849949287,9.13604119905351
573,0.230636652682376,0.385726477990111,10.8943938134061
574,0.400530042775606,0.474420362429756,8.87101447240221
575,0.479920689900616,1.35366001252323,7.08738009312449
576,0.602603865455008,0.674416323368887,10.8119659479332
577,0.483195537805013,0.68368271468838,0.584904222368717
578,0.427303900541826,0.629745732857061,0.641986471598787
579,1.06616182292863,0.946065653864806,1.69908610662247
580,0.650691028596137,0.690956343558894,0.638638580441787
581,0.246084474070872,0.548695174679898,0.81621062851414
582,0.363882790987046,0.789499342839335,1.34923038271618
583,0.35956643086029,0.814754857453813,1.22058687957634
584,0.303924470662305,1.02932229109596,0.0611921600001649
585,0.7762798673885,0.614990908771084,0.570843067625143
586,0.696816248100016,0.650829467577953,0.852332948696117
587,0.422113563693133,0.4728934164542,1.01350731456649
588,0.608002833980003,0.454508933396739,0.484034508463018
589,1.00454984020744,0.599646972958113,0.739598263637581
590,1.62454167637528,0.450630906806396,1.14472783249263
591,0.522990994800522,1.04356291684203,0.306402960095932
592,0.265748190348606,0.37143912419763,0.876099593100499
593,0.643769666979632,0.473415700113718,1.05377797244236
594,0.375890125237825,0.382497159047494,0.888602712321639
595,0.639863874896559,0.712863587462559,0.939402191110069
596,0.757109720276145,1.00716493794818,0.671038243359335
597,0.602734576747035,0.648577831345835,0.762524419758618
598,0.632188955601836,0.856779506016877,0.35214328688041
599,0.359245691515424,0.414977508389408,0.533021897512584
600,0.589266056070164,1.15012413975145,1.16166072207385
601,0.761062485192091,0.907486602969842,0.911027657035458
602,0.945031298425813,0.916058078325103,0.977450634037176
603,1.12194434780505,1.95309144230545,1.38752353397243
604,0.476420890166559,1.38860764134433,0.271241159567399
605,0.894356159530741,1.17098863268128,1.73702427582766
606,0.569633362769144,1.79501872605908,1.04420282907383
607,0.402267266759001,0.566333626897686,0.390591522930826
608,1.19545591632462,1.55406039492142,0.732515227038397
609,0.979231453746847,1.36955408808753,0.673662759750009
610,0.522687764652599,0.704117318281746,13.1014526102041
611,0.281051601382215,1.24232437065899,1.01834945672781
612,0.289007914211683,0.985187514290889,1.1431595548384
613,0.293771680987526,1.40059271692054,0.822976088240017
614,0.41478989130377,1.3149254121342,0.85981800732733
615,0.56072421629764,1.01313152611563,0.447559252828486
616,0.455320173484316,1.11937789545237,0.430536785725398
617,0.748196788402976,1.07481620515103,0.785754637512304
618,0.620281795837427,1.61728032304179,0.761482916298203
619,0.517869574925306,0.501351576939396,0.44266727576398
620,0.35760658671635,1.22519676409935,0.896458505178129
621,0.830759416046797,0.867672242393344,0.814506307083899
622,0.491063394043436,1.21569892019665,0.879458743996228
623,0.60045010421216,1.61173114102743,1.04825708201538
624,0.752324842845425,0.745267789303346,0.981316304568114
625,1.09294968434227,1.26782474711589,2.19946813637508
626,1.28934848541248,0.939380695504871,1.53472677772138
627,1.50914653109471,1.24687378660722,2.17230332033032
628,1.34291616695063,1.61831387802063,1.11050727842647
629,1.4239447622635,1.05365305976231,1.29329992585365
630,1.46193542826963,1.11591844503835,1.33438527546356
631,0.355150158256449,1.12585203857088,2.21843263996634
632,0.38352465976419,0.956217023070685,0.993633215675948
633,0.487453880992807,1.25067180423125,3.38686742825711
634,0.808978525760536,0.912143267120158,8.64437105583802
635,0.889725060868418,1.69297755974254,3.0387356759679
636,0.720654292235279,0.908485452962304,0.999379842345365
637,0.578387735283769,0.931946513453307,2.5412826380661
638,0.651557012709971,0.452977923935746,3.29441234612643
639,0.487873000756501,0.790436206653381,3.45556453734528
640,1.10110587947747,1.16264337115475,2.34884549141542
641,0.563720854738033,0.914371589535515,1.5905403010641
642,0.170387377683593,1.25303287755936,2.3936427706542
643,0.370819785921063,0.91318584185359,0.58290715192689
644,1.30859036407449,0.848744808671046,3.10613310070102
645,0.977953270995393,0.670297485878801,0.45336491917245
646,2.09738761181035,1.96237416354025,2.0616391996203
647,0.32621416164031,1.55388130475497,3.81505834335568
648,0.451424646979348,1.51353551002449,3.81494064222346
649,0.658210664795741,0.619321577216726,2.72206421439386
650,1.33135543823172,1.3472916780185,4.53245382306511
651,1.22386294095963,1.27495521902636,1.06277674170414
652,0.845176831154821,1.10646880441374,0.936360671726753
653,0.462250597147698,0.798504724907338,0.574848711806265
654,0.200748524965484,1.03387405801088,0.471538861896362
655,0.187392906961441,0.971932719834066,0.524101448187648
656,0.160968794707682,0.31708659686723,0.982361570143861
657,0.896756955585055,1.2812429553297,0.589234982183609
658,1.10295622531729,1.0727694317964,0.935434084080421
659,0.161241785975129,1.09445635368184,0.439571757295045
660,0.912475982313121,0.78620039402811,0.384174174530907
661,0.574575945036341,0.733031458707922,1.07156271393359
662,0.39446646834134,1.18561007149192,0.339234911675002
663,1.07796123114358,1.32330943607461,0.664667412170101
664,0.429715605610263,0.86682951502904,0.604926121893048
665,0.657994416466544,0.611469474307868,0.593517180726888
666,0.134515062770757,1.31933956243326,0.753830380185823
667,0.663080430111648,1.03804132393471,0.350469009203936
668,0.719322703575778,0.846301264927531,1.8198599253573
669,0.487516258129118,0.692170657043217,0.734252123543641
670,0.485919091405756,0.607831872202911,0.761482340249422
671,0.316531712723742,0.697284010505311,0.75713679368445
672,0.147926234932435,0.67478339236774,0.846416640210618
673,0.180362373417667,0.812307006995014,0.637877728017645
674,0.572649349949229,0.828596929439956,0.748147936952285
675,0.720148250408009,1.03812756917583,0.908710517305262
676,1.67353030895079,0.458331318232582,0.42526759345273
677,0.288782932688766,0.81806906940917,0.835526466972012
678,0.291412724653078,0.497438088864694,1.88182548095781
679,0.755552976276238,0.769390697667909,1.04825467115557
680,1.11308678585003,0.633866442068503,0.941906170995228
681,0.715251951305916,0.996149491032714,1.23461191693411
682,1.46481480235222,1.39004982709658,1.02961728758439
683,0.801331449487653,0.794870585365808,0.733626891461666
684,0.333608357720067,0.988324854800283,0.952384170149189
685,1.02776453114131,1.32087047732889,0.976853993202536
686,0.814058450880748,1.16559632667661,0.855495854069684
687,0.310122427693863,0.855355838612831,0.928801753675283
688,0.306711338534186,0.855476893131418,0.922583077730359
689,0.16202479694645,0.83346483065391,0.623825207831507
690,0.370318281550153,0.986762959449992,1.02414147025356
691,0.54030608053561,0.625662509257756,0.579680310271086
692,2.86235442572867,0.271539848193857,4.05790497536374
693,0.695909219659983,1.35344677148894,2.53713383874544
694,0.927280981088389,1.16916243666438,1.58595984510273
695,0.572389160136359,0.952541535054712,1.07041829661259
696,0.633127881560105,0.905309388975399,0.826084376213052
697,0.148695781227391,1.06229025182556,0.230990435014141
698,0.695456844317792,0.977428318723213,0.762766745914001
699,0.616336224456168,0.549671167110526,0.771662000927142
700,0.369855999463415,0.541304037096576,0.4786487330441
701,0.879385664566553,1.12805017745974,2.0351313628041
702,0.566870206555406,0.866781215551355,4.09045869399534
703,1.25975442523218,1.25927151061713,1.6855251362914
704,0.945877776800387,1.28963618953718,1.01552231763249
705,0.316202723756375,0.206477158811736,5.11076345540773
706,0.3539950738509,0.767834494697311,4.33910174462971
707,0.853904314604208,0.714174931828648,0.774333126092009
708,0.476064628192424,0.897932129401112,1.42165355598287
709,0.57495062498144,0.602467820685244,0.677654010800649
710,0.591995207375412,1.00026802571283,1.08012955538353
711,1.80803510341647,0.810801601200835,4.91946679320902
712,1.62772132746421,0.851300619597228,6.47853806689656
713,0.552154079294466,1.00096364149675,0.438113356513704
714,1.06556542587931,1.04543862279723,0.482769147712193
715,0.585933283572044,1.01719908879716,0.414479747036873
716,1.00555967389529,0.823265258544441,0.989601058314597
717,1.78546337875372,0.855581182137724,5.16035149893111
718,0.678247231402916,1.47984540585612,0.446679891833579
719,1.34186824361153,1.50235053093841,1.98019891793855
720,0.273226180661473,1.66436037978623,1.57571842345683
721,0.580813972865845,0.64738605743259,0.534028492156772
722,1.08720833679284,1.43559165391441,1.06369603052595
723,1.55833602459086,1.4258399831869,1.61924990952002
724,1.42434920657155,0.998225842046504,1.63250702183043
725,1.33755607953678,1.29630757154466,1.39515201151383
726,1.01532230025879,0.846818554603013,0.898171300779951
727,1.16133837239919,0.762466175921385,1.10470553224263
728,0.756340531753777,1.0989137032961,0.245856703077891
729,0.85520022929489,0.868412136129238,0.830738310384143
730,1.03083664368267,0.771250218212653,1.76885107832458
731,1.21973870123287,1.09783330569335,1.3193791748789
732,0.621879657093801,1.69948211909307,0.508235716784494
733,0.54442358354546,0.7504258992007,0.603969541010438
734,0.751819409449082,1.1799836905403,0.519135819590274
735,1.88417705656921,1.5587068578232,1.91852786331178
736,0.606385307290147,1.55414059239338,0.774372556263785
737,0.663800558523626,0.621624120201277,5.32194837769275
738,1.06337088120423,0.922743342188277,4.30399135917183
739,0.561085137242289,0.799364211478098,3.43544485812435
740,0.691254936768317,0.956549856449996,0.406262200647449
741,0.454043588626289,0.401122186703489,0.767608685586551
742,0.602731328144464,0.462802875176896,0.864245641530441
743,0.153504787354663,0.661763514320709,1.03184521686618
744,0.991204866058796,0.262832095124258,1.31466026342243
745,0.302190043181486,0.853911167922916,0.756253952248191
746,1.00515454615003,0.772052203124359,1.17827335845643
747,0.283754446028253,0.794244425788763,0.765005364320666
748,0.615364154840713,0.413291680394116,3.79517995783758
749,0.260336494153449,0.554983481093862,1.63286400326534
750,0.179100656897278,0.798197257856112,0.811587356862637
751,0.501695275871339,0.460368207763188,1.84152461623323
752,0.733873642699279,0.413863195708273,3.68592470025968
753,0.480043058473809,0.532372955223559,0.422559202598268
754,0.43070898829016,0.659230557025756,0.961415438036938
755,0.350867617850918,0.416009130817581,1.65938454287914
756,0.647902035908267,0.353344685903629,3.95263675683114
757,0.248484964612617,0.667618967191291,0.737887059841988
758,0.246187343299738,0.65350102943854,0.735393358248318
759,0.503081641680662,0.540087045582962,1.12008966867041
760,0.13746936032634,0.78332729381819,2.20806736964895
761,0.721757090591678,0.710247887877437,0.711790211254421
762,0.596294467037866,0.77028480585598,0.562502918682354
763,0.704109828454747,0.961788577416995,0.922561767906714
764,0.376429684705845,0.854224936608388,0.737253412147566
765,0.280742558878478,0.759500055136169,2.58736133663396
766,0.296398951759047,1.46095965677299,0.342302206531209
767,0.308090614223707,1.32247471676887,0.567612427869507
768,0.425165123497692,0.732514318905023,0.422787281612086
769,0.505684621736999,0.651519580482798,0.874530748281126
770,0.39591728588268,1.39840474403581,0.228672885422085
771,0.388656491971369,0.431914881416257,0.795128903694932
772,0.489808990440768,0.363493164780182,2.09173016727063
773,0.557093964893143,0.941891938285741,0.331237371087495
774,1.37420795211397,1.47264292501611,1.1229062693709
775,0.848148936762574,0.747233732488615,1.16670037939304
776,0.342904259471044,1.196159142034,0.251292634127822
777,1.22574352776603,1.30558996866156,1.16555460751568
778,0.431384330607285,0.463843723403594,0.878582358301225
779,0.388396150004461,0.492101443432471,1.02444480344887
780,0.411823569167256,0.630964926445404,5.40575263396286
781,0.0810665324116071,1.61035432846441,0.199012059552478
782,0.166947201712446,0.463747668164367,8.90403899437242
783,0.211827850789387,0.985388737758702,7.1215165667489
784,0.746831472211261,0.538435993601805,14.8911380789109
785,0.576109687526024,0.616801002301255,15.6646544412142
786,0.388506783339707,0.475312463744239,3.12268703274576
787,0.512893824930979,0.538407354704589,3.30681305342243
788,0.200776847085029,0.145881354533935,8.02298348808938
789,0.502152175999661,0.482070796121773,9.53167831137549
790,0.651290382811201,0.600356348894731,9.90143623559089
791,0.869049024214356,0.755317353708863,7.84664245793792
792,1.15395133744618,0.92344306127004,8.22954749703926
793,0.449675176122541,0.861145903403822,11.5252438194939
794,0.54599402995058,0.730292219962201,5.39341956916225
795,0.563223284060419,0.768119276944887,0.360814078425682
796,0.442176223339031,0.835169411830751,1.67027716864292
797,0.261999091063636,0.538542952385297,6.82051914047463
798,0.386980136775884,0.468413708907093,1.0520114142881
799,0.712169134561934,0.88668434076067,5.35449658568239
800,0.542172210139294,0.788731483334698,8.52436525402171
801,0.554730352686513,0.684072587965954,3.12403255115353
802,0.561122938745975,0.963782204818033,0.914142823850761
803,0.923139381701934,1.04749529328249,3.89630331356861
804,0.464184513976159,0.645949293661573,3.44208809088461
805,0.441499642214304,0.423867473876016,3.60096467113165
806,0.452999726875579,0.67244693569414,0.8794739307582
807,0.949256902523532,1.01588213317894,2.38179667335801
808,0.396812219868389,0.762362165786255,0.764107470749491
809,0.214607618819117,1.44185325013257,0.146012410903865
810,0.221618998610754,1.35883652055034,0.256426402156583
811,0.244181612494453,1.07506690602423,2.54647180099065
812,0.259256837906714,1.17121476478117,2.29263889294246
813,0.239517230686322,1.68317466133917,0.490616559992668
814,0.68274363470823,0.689737420424625,3.79194585839338
815,0.728719038550505,1.42734944668155,1.01138495120944
816,0.587704404242301,0.58563001953778,6.87945031402352
817,0.102612401050637,1.02156617103997,2.72905796669375
818,0.195626090470525,1.51843174054402,0.157606731645415
819,0.231182370606051,1.26216355149772,0.143907001613144
820,0.134800811700769,1.20021905533157,0.456625994974376
821,0.426154374671895,1.04808575072935,2.37927173395926
822,0.13808036610963,1.40883052893964,0.284245131678038
823,0.0842631310877042,1.24965490248678,0.480252610170985
824,0.726393587190954,0.858997373045785,3.66403956878725
825,0.236622872296022,1.1703383894837,1.7942481936699
826,0.393573040102524,0.811168349915583,4.19433120477675
827,0.155776821847066,0.892779492543544,0.878047725983152
828,0.602717906965762,0.795716769027213,5.11613821323331
829,0.517502670281327,0.85913270804473,7.7481959549033
830,0.508317650418843,0.724443513235476,5.20558236768143
831,0.484982279001625,0.781471305068314,2.21226187401357
832,0.513263744493969,0.675346779322361,2.99547699894141
833,0.414562957629778,0.929026464102668,1.15214772398317
834,0.694552812529198,0.818380574780753,5.23316445858295
835,0.545989848185801,0.763514626693254,2.8110635317489
836,0.45208403773801,0.867399642931429,2.85675902888728
837,0.742708023899538,0.952850439711621,3.18239974864763
838,1.32746603049923,0.445323587046297,8.354041037004
839,0.322086222720611,0.387582025368915,9.79534025582966
840,0.272460510252036,0.574533663674749,11.0024241667667
841,1.2030793445686,0.62229859895143,8.02240915484403
842,0.448267484032741,1.23651594286265,1.71613027835287
843,0.320824525729577,1.18968496962279,0.937691180391555
844,0.320360801346626,1.4197783095926,1.1598477661
845,0.209081464637588,0.510753920547098,4.43805644283434
846,0.847026959164068,1.19764821654562,5.29506387741666
847,0.236745858662226,0.806096017543548,3.78476401230458
848,0.329535856903519,1.04591285681122,2.49390686466719
849,0.242810026120485,1.19303777604285,0.218207502503068
850,0.304700514970489,1.28844712501603,0.340385486360427
851,0.290227336716555,0.203715554522785,10.3201649383696
852,0.53829156530749,1.34201160278222,1.71444950276422
853,1.20780767756691,1.06429465237728,7.22805763106277
854,0.599626993745634,0.394189954071506,1.59013217185186
855,0.526626969968866,0.903866424626313,4.37528721143603
856,2.82733106392941,1.35581270357041,5.21287942216041
857,0.625511323669938,0.403299957173682,3.38745149958959
858,0.882976352301449,0.216793849084853,4.71102703500265
859,0.302646481404681,0.716441310897689,2.63646780303942
860,0.693203167814329,0.906786428146509,7.23921379423865
861,0.767899775721578,0.773719666631589,6.47379931954407
862,0.46513589985898,1.13131289060645,2.46620833005158
863,0.350340149267816,0.779752307355446,11.5988516268996
864,0.928006390660247,0.850659733802704,7.22164430065892
865,0.151577248239129,1.39212657905642,2.0065691362957
866,0.307277881207658,0.810035318450434,4.75531590826131
867,0.63553110806443,1.06415261428932,4.12306381814277
868,0.361706807670115,1.30267461990711,2.46739823165315
869,0.761447426562919,0.870309702164957,0.705442100197692
870,0.889233317953885,0.567604401841933,11.0982706182535
871,0.585414985371581,1.29803764352439,5.4435270863605
872,0.290355163756153,1.24190672833154,3.53333398949428
873,0.483333318539689,0.390344507560157,7.29210344425229
874,0.634697632810222,0.798769777915433,2.7997940667352
875,0.675765960188108,0.680176161967933,3.81477300212577
876,1.7626524396066,0.594698835029754,7.12451174026377
877,0.666490121454533,0.257576274308238,5.08872652019115
878,0.246182253128101,0.615106034350554,9.30170658903176
879,0.506203092527079,0.261753310861411,16.1910116925092
880,0.195720791869188,0.288352406085065,8.23025067639222
881,0.687159746962529,1.05428555229498,8.3267305944997
882,1.20000284479317,0.765412107043246,4.40767076746097
883,0.297636987552187,1.10383769288579,5.27541585799036
884,0.495285122747902,0.504918011849625,2.83972477680645
885,0.759241236534611,0.596079037318916,10.2625662034148
886,0.262623309810426,0.877231649402448,3.01315480311762
887,0.450862185680104,1.01346896417477,2.24120580693697
888,0.669974487988961,1.31632495081895,1.88908131185769
889,1.47516594597981,0.961807241215844,6.29952385221634
890,1.39478815782134,1.07677083223471,4.29814894511101
891,1.92055672994017,0.641045080036916,7.07023566801808
892,0.346530939081912,1.16752465700524,3.99291719048164
893,0.267009944857323,0.466483393619015,2.45337097268085
894,0.267605886242727,1.19347778319551,1.90798620784185
895,0.212943930354277,0.661257837362686,5.99794162995929
896,0.526677662724554,0.966210613231354,2.33136809675496
897,0.0576581531678246,1.12798736096378,2.76463633162346
898,0.37443254291767,1.06193330416629,2.05543229416371
899,0.33893436054039,1.15527214301409,1.92935182199064
900,0.344511074117291,1.12893319084937,3.54555617266703
901,0.479321115591757,0.956134110643981,4.80812118437149
902,0.148510862689322,1.27394676688435,2.73033535742648
903,0.225906622782577,1.28483429495946,1.13946258591253
904,0.288884019807246,1.01637696171972,2.36844339039961
905,0.253316203319865,1.11666564724623,2.32238405327232
906,0.33223647658182,0.984426413414885,3.30440993778402
907,0.106304820548829,1.22251784750021,1.17896435252702
908,0.568263690855052,0.876542858729054,1.99552586522947
909,0.429207169634553,0.804041855778682,3.0766276386233
910,0.375071710939701,0.844403423467252,3.02448854745535
911,0.439769691674719,0.823346374758318,1.26982649089948
912,0.270489802402657,1.17587703257474,0.913676970462949
913,0.342677467389528,1.13146468110261,2.05951135785531
914,0.410102404958651,0.951247036245761,2.80674576881353
915,0.200732764713306,1.44113023804655,0.548827438147483
916,0.102539508494853,1.16092051600039,0.560417315615629
917,0.191987981883686,0.981486275749906,0.986251226834011
918,0.125699404817677,1.37392754293211,0.245919061682345
919,0.204305031471752,1.29066822335226,0.14082209243339
920,0.318822551412417,1.15290751685102,0.193678094181135
921,0.14455867244223,1.46312254155675,0.323249344515012
922,0.228250446202218,1.10789227217486,0.145732525880798
923,0.280717606632773,1.1017715924359,0.828240316845269
924,0.119342893231902,0.998521745015068,0.555692624499854
925,0.306211710826725,1.20175130760366,0.688975026879188
926,0.550941965321124,1.05199505499771,3.80565292810007
927,0.741107460188886,0.917346055243899,4.72662509069916
928,0.597281273418749,0.858291587332537,2.1137309997853
929,0.582660716692201,0.441103468695116,8.04385365917843
930,0.841344155836513,0.445551054817026,9.98161891716247
931,0.474080206920302,0.786918110622397,6.18360051915731
932,0.166699970785678,0.766697637490815,7.65221583322591
933,0.469205246620749,1.068159818451,4.48985993512153
934,0.932124529102718,1.04176020017069,3.33661312783407
935,0.8442433917002,0.963433416888203,5.83723652198296
936,0.270994910787599,1.12039705012736,0.87730181479175
937,0.342139478248322,1.22655672323205,2.9841493851282
938,0.236788615209678,1.29472965301416,0.751148343628483
939,0.798861915366789,1.20881429239202,2.30859383339921
940,0.859062986535217,0.950803523482618,2.98215855045135
941,0.341767232665178,1.00742114479805,2.91008112737673
942,0.19597468806591,1.27807366350432,2.51647013573312
943,3.54275597100662,0.353738952509913,1.08394244260458
944,0.376367898207453,1.09655721047137,2.25362436611347
945,0.344511074117291,1.12893319084937,3.54555617266703
946,0.479321115591757,0.956134110643981,4.80812118437149
947,0.580003628865595,0.654378197430325,3.46979524679019
948,0.535275072450862,0.333049539740273,7.96592679021264
949,0.846100303694205,0.348362096248826,9.9212061565828
950,0.241229985948708,0.701827786146862,6.56969072512831
951,0.171855968215185,0.75026891706833,8.69042292613679
952,0.401974894402154,1.20914796189659,4.5609039892088
953,0.915102954447602,1.06601184120531,2.69315231511904
954,0.917963237491002,0.790489719542008,6.38197382194055
955,0.188932238097927,1.2372702899908,0.148258576678968
956,0.148510862689322,1.27394676688435,2.73033535742648
957,0.0958102829043707,1.3560910926103,0.40286433160125
958,0.603490719347282,1.43154471401291,1.12557398017388
959,1.11809959819603,1.10240714817082,4.38858433939073
960,0.167993646632095,1.0083606714958,2.69036941174785
961,0.114565992567487,1.2706905714535,2.39101309775149
962,0.45789754135168,0.184471682712289,1.2655163538453
963,0.249592162589404,1.10311145402779,2.10804387072716
964,0.928652738470263,1.28666820884455,5.17365986459907
965,0.129391337503946,1.44535710821887,1.15675366380594
966,0.333333265618119,1.17634057503753,3.55951996025069
967,0.952712738669833,0.809219227156512,6.49334958616216
968,0.677309955733932,0.788768335096607,3.50011163410089
969,0.418861384619449,0.955414629095211,4.68460070337989
970,0.606710845839964,1.20974448826942,5.39210511074075
971,0.157410389549074,1.04657390616275,2.20380895744877
972,0.164735132220005,1.18898883671383,3.50664084881129
973,0.293935840200294,0.311104992531369,0.609857167211522
974,0.45024554832854,1.13742866229685,2.71820215104473
975,0.526239391314232,0.962447320925831,2.73885071606128
976,0.337204303495407,1.436710820227,1.73062254720544
977,0.342677467389528,1.13146468110261,2.05951135785531
978,0.410102404958651,0.951247036245761,2.80674576881353
979,0.895856793240045,1.20375275477574,0.125328044496205
980,0.564155553266979,0.486980330701734,2.18719665597969
981,0.441879384386848,0.257108218812221,0.973939586482375
982,0.85877430628677,0.295186194060625,6.93611162409534
983,1.13580788884268,0.566471666269443,3.42264581713887
984,0.242675194886134,0.599711837041632,8.64847255465418
985,0.335218205098029,1.21224745170689,1.06524635358784
986,1.05842289810169,0.700592770112136,4.63445485608542
987,0.113257235353911,0.583904576031867,3.26000984052007
988,0.773582610389501,0.839681516047204,4.41921541761034
989,0.30819526055897,0.829136619347391,3.28089217214079
990,0.3161012606795,1.33119764221222,1.02746330445565
991,0.200732764713306,1.44113023804655,0.548827438147483
992,0.163162737994511,1.55100488961691,0.784903286505243
993,0.421924638534254,0.828985422534436,0.583464498949808
994,0.241956345777652,1.04416512815869,4.32771214756718
995,0.472067219592596,1.25649326422807,0.775898270638879
996,0.215653974572825,1.53078740234895,0.9834937670973
997,0.255560971982242,0.138611176366011,2.35367730894279
998,0.387981682572754,0.994835723990542,2.41999702335328
999,0.22827109448495,1.34991123157852,1.97174307911022
